{"cameraMode":{"drawMode":0,"name":"Shaded","section":"Shading Mode"},"sceneLighting":true,"audioPlay":false,"sceneViewState":{"showFog":true,"showMaterialUpdate":true,"showSkybox":true,"showFlares":true,"showImageEffects":true,"showParticleSystems":true},"in2DMode":false,"pivot":{"x":-7.897069454193115,"y":2.3581676483154299,"z":9.484626770019532},"rotation":{"x":-0.11722742766141892,"y":-0.16248995065689088,"z":0.019441241398453714,"w":-0.9795393943786621},"size":4.80873966217041,"orthographic":false}